Abel,able
able,Abel
accede,exceed
exceed,accede
accept,except
except,accept
acclamation,acclimation
acclimation,acclamation
acts,ax
ax,acts
ad,add
add,ad
Adam,atom
atom,Adam
addition,edition
edition,addition
adds,adz,ads
adz,adds,ads
ads,adds,adz
adduce,educe
educe,adduce
adherence,adherents
adherents,adherence
adieu,ado
ado,adieu
aerial,ariel
ariel,aerial
affect,effect
effect,affect
affected,effected
effected,affected
affects,effects
effects,affects
afterward,afterword
afterword,afterward
aid,aide
aide,aid
ail,ale
ale,ail
air,heir,err
heir,air,err
err,air,heir
aisle,isle,I’ll
isle,aisle,I’ll
I’ll,aisle,isle
allude,elude
elude,allude
aural,oral
oral,aural
basal,basil
basil,basal
alluded,eluded
eluded,alluded
aureole,oriole
oriole,aureole
base,bass
bass,base
allusion,illusion
illusion,allusion
away,aweigh
aweigh,away
based,baste,ayes,eyes baste
baste,based
allusive,elusive,illusive
elusive,allusive,illusive
illusive,allusive,elusive
awl,all
all,awl
bases,basis
basis,bases
aloud,allowed
allowed,aloud
already,all ready
all ready,already
axel,axle
axle,axel
altar,alter
alter,altar
axes,axis
axis,axes
bask,basque
basque,bask
altogether,all together
all together,altogether
aye,eye,I
eye,aye,I
I,aye,eye
always,all ways
all ways,always
ayes,eyes baste,based,eyes
eyes baste,ayes,based
amend,emend
emend,amend
bated,baited
baited,bated
analyst,annalist
annalist,analyst
baa,bah
bah,baa
ant,aunt
aunt,ant
baal,bail,bale
bail,baal,bale
bale,baal,bail
apatite,appetite
appetite,apatite
babble,Babel
Babel,babble
apprise,apprize
apprize,apprise
bad,bade
bade,bad
arc,ark
ark,arc
bait,bate
bate,bait
arrant,errant
errant,arrant
ascent,assent
assent,ascent
assistance,assistants
assistants,assistance
ate,eight
eight,ate
bald,balled,bawled
balled,bald,bawled
bawled,bald,balled
ball,bawl
bawl,ball
auger,augur
augur,auger
bazaar,bizarre
bizarre,bazaar
be,bee
bee,be
beach,beech
beech,beach
bear,bare
bare,bear,bear berth,birth
beat,beet
beet,beat
beau,bow
bow,beau,bough
been,bin
bin,been
beer,bier
bier,beer
balm,bomb,bombe
bomb,balm,bombe
bombe,balm,bomb
band,banned
banned,band
bell,belle
belle,bell
bard,barred
barred,bard
berry,bury
bury,berry
bear berth,bare,birth
birth,bare,bear berth,berth
baron,barren
barren,baron
better,bettor
bettor,better
bib,bibb
bibb,bib
bight,bite,byte
bite,bight,byte
byte,bight,bite
brayed,braid
braid,brayed
carat,carrot,caret,karat
carrot,carat,caret,karat
caret,carat,carrot,karat
karat,carat,carrot,caret
climb,clime
clime,climb
billed,build
build,billed
brays,braise
braise,brays
carol,carrel
carrel,carol
clique,click
click,clique
breach,breech
breech,breach
close,clothes,cloze
clothes,close,cloze
cloze,close,clothes
bird,burred
burred,bird
bread,bred
bred,bread
cash,cache
cache,cash
clue,clew
clew,clue
berth,birth
break,brake
brake,break
cast,caste
caste,cast
coal,cole
cole,coal
caster,castor
castor,caster
coarse,course
course,coarse
cause,caws
caws,cause
coarser,courser
courser,coarser
blew,blue
blue,blew
brewed,brood
brood,brewed
cedar,seeder
seeder,cedar
coat,cote
cote,coat
brews,bruise
bruise,brews
cede,seed
seed,cede
coax,cokes
cokes,coax
bridal,bridle
bridle,bridal
ceiling,sealing
sealing,ceiling
coffers,coughers
coughers,coffers
cell,sell
sell,cell
cellar,seller
seller,cellar
censor,sensor
sensor,censor
collard,collared
collared,collard
cent,scent,sent
scent,cent,sent
sent,cent,scent
colonel,kernel
kernel,colonel
cents,scents,sense
scents,cents,sense
sense,cents,scents
complacent,complaisant
complaisant,complacent
cereal,serial
serial,cereal
complement,compliment
compliment,complement
Ceres,series
series,Ceres
complementary,complimentary
complimentary,complementary
cession,session
session,cession
chance,chants
chants,chance
conceded,conceited
conceited,conceded
chased,chaste
chaste,chased
confirmation,conformation
conformation,confirmation
chauffeur,shofar
shofar,chauffeur
cheap,cheep
cheep,cheap
consonance,consonants
consonants,consonance
check,Czech
Czech,check
continence,continents
continents,continence
coo,coup
coup,coo
chews,choose
choose,chews
coolie,coulee
coulee,coolie
chic,sheik
sheik,chic
coop,coupe
coupe,coop
Chile,chilly,chili
chilly,Chile,chili
chili,Chile,chilly
cops,copse
copse,cops
choir,quire
quire,choir
coral,choral
choral,coral
cord,cored,chord
cored,cord,chord
chord,cord,cored
core,corps
corps,core
broach,brooch
brooch,broach
bloc,block
block,bloc
boar,bore
bore,boar
board,bored
bored,board
boarder,border
border,boarder
bode,bowed
bowed,bode
bold,bowled
bowled,bold
bolder,boulder
boulder,bolder
bootie,booty
booty,bootie
born,borne
borne,born
brows,browse
browse,brows
brut,brute
brute,brut
bullion,bouillon
bouillon,bullion
buoy,boy
boy,buoy,buoy canopy,canapé
burger,burgher
burgher,burger
burro,burrow,borough
burrow,burro,borough
borough,burro,burrow
bussed,bust
bust,bussed
but,butt
butt,but
buy,by,bye
by,buy,bye
bye,buy,by
bough,bow
caddie,caddy
caddy,caddie
Cain,cane
cane,Cain
calendar,calender
calender,calendar
chute,shoot
shoot,chute
callous,callus
callus,callous
cite,sight,site
sight,cite,site
site,cite,sight
correspondence,correspondents
correspondents,correspondence
canapé,canopy,boy,buoy canopy
canopy,canapé
cited,sided,sighted
sided,cited,sighted
sighted,cited,sided
clack,claque
claque,clack
cannon,canon
canon,cannon
clamber,clammer,clamor
clammer,clamber,clamor
clamor,clamber,clammer
buoy canopy,boy,canapé
canter,cantor
cantor,canter
clause,claws
claws,clause
council,counsel
counsel,council
canvas,canvass
canvass,canvas
capital,capitol
capitol,capital
dough,do(musical note),doe
do(musical note),dough,doe
doe,dough,do(musical note),do (musical note)
eve,eave
eave,eve
do,due,dew
due,do,dew
dew,do,due
ewe,you,yew
you,ewe,yew
yew,ewe,you
cousin,cozen
cozen,cousin
doc,dock
dock,doc
ewes,yews,use
yews,ewes,use
use,ewes,yews
coward,cowered
cowered,coward
coy,koi
koi,coy
Flour,flower,flour
flower,Flour,flour
flour,Flour,flower
does(female deer),doze
doze,does(female deer)
exercise,exorcise
exorcise,exercise
craft,kraft
kraft,craft
done,dun
dun,done
flu,flue,flew
flue,flu,flew
flew,flu,flue
crape,crepe
crepe,crape
eyed,I’d
I’d,eyed
flyer,flier
flier,flyer
eyelet,islet
islet,eyelet
foaled,fold
fold,foaled
crawl,kraal
kraal,crawl
creak,creek
creek,creak
eyes,ayes
foe,faux
faux,foe
draft,draught
draught,draft
crewel,cruel
cruel,crewel
dual,duel
duel,dual
crews,cruise
cruise,crews
ducked,duct
duct,ducked
ducks,ducts
ducts,ducks
cue,queue
queue,cue
currant,current
current,currant
curser,cursor
cursor,curser
cygnet,signet
signet,cygnet
cymbal,symbol
symbol,cymbal
dye,die
die,dye
cypress,Cyprus
Cyprus,cypress
dyeing,dying
dying,dyeing
facts,fax
fax,facts
faint,feint
feint,faint
fair,fare
fare,fair
fairy,ferry
ferry,fairy
fate,fete
fete,fate
faun,fawn
fawn,faun
faze,phase
phase,faze
feat,feet
feet,feat
for,four,fore
four,for,fore
fore,for,four
foregone,forgone
forgone,foregone
foreword,forward
forward,foreword
fort,forte
forte,fort
forth,fourth
fourth,forth
foul,fowl
fowl,foul
franc,frank
frank,franc
frays,phrase
phrase,frays
earn,urn
urn,earn
fends,fens
fens,fends
dam,damn
damn,dam
Dane,deign
deign,Dane
days,daze
daze,days
few,phew
phew,few
dear,deer
deer,dear
eek,eke
eke,eek
fiancé,fiancée
fiancée,fiancé
defused,diffused
diffused,defused
fill,Phil
Phil,fill
find,fined
fined,find
dense,dents
dents,dense
finish,Finnish
Finnish,finish
gaff,gaffe
gaffe,gaff
descent,dissent
dissent,descent
fir,fur
fur,fir
Gail,gale
gale,Gail
desert (abandon),dessert
dessert,desert (abandon)
fisher,fissure
fissure,fisher
gait,gate
gate,gait
elicit,illicit
illicit,elicit
flair,flare
flare,flair
flea,flee
flee,flea
gamble,gambol
gambol,gamble
disburse,disperse
disperse,disburse
gel,jell
jell,gel
discreet,discrete
discrete,discreet
flocks,phlox
phlox,flocks
gene,jean
jean,gene
enumerable,innumerable
innumerable,enumerable
floe,flow
flow,floe
gibe,jibe
jibe,gibe
gild,guild
guild,gild
do (musical note),doe
gilder,guilder
guilder,gilder
frees,freeze,frieze
freeze,frees,frieze
frieze,frees,freeze
friar,fryer
fryer,friar
gilt,guilt
guilt,gilt
hart,heart
heart,hart
hurts,hertz
hertz,hurts
gneiss,nice
nice,gneiss
haul,hall
hall,haul
hymn,him
him,hymn
gnome,Nome
Nome,gnome
have,halve
halve,have
gnu,knew,new
knew,gnu,new
new,gnu,knew
hay,hey
hey,hay
gofer,gopher
gopher,gofer
hays,haze
haze,hays
gored,gourd
gourd,gored
he’d,heed
heed,he’d
gorilla,guerilla
guerilla,gorilla
he’ll,heal,heel
heal,he’ll,heel
heel,he’ll,heal
hear,here
here,hear
grade,grayed
grayed,grade
heard,herd
herd,heard
graft,graphed
graphed,graft
graham,gram
gram,graham
grate,great
great,grate
grater,greater
greater,grater
grays,graze
graze,grays
heroin,heroine
heroine,heroin
grease,Greece
Greece,grease
grill,grille
grille,grill
grisly,grizzly
grizzly,grisly
groan,grown
grown,groan
guessed,guest
guest,guessed
gym,Jim
Jim,gym
knight,night
night,knight
knit,nit
nit,knit
idle,idol,idyll
idol,idle,idyll
idyll,idle,idol
knock,nock
nock,knock
knot,not
not,knot
know,no
no,know
immanent,imminent
imminent,immanent
impassable,impassible
impassible,impassable
in,inn
inn,in
incite,insight
insight,incite
innocence,innocents
innocents,innocence
hew,hue,Hugh
hue,hew,Hugh
Hugh,hew,hue
instance,instants
instants,instance
hi,high
high,hi
intense,intents
intents,intense
higher,hire
hire,higher
it’s,its
its,it’s
ho,hoe
hoe,ho
hoard,horde
horde,hoard
jam,jamb
jamb,jam
hoarse,horse
horse,hoarse
hoes,hose
hose,hoes
hold,holed
holed,hold
hole,whole
whole,hole
jinks,jinx
jinx,jinks
hail,hale
hale,hail
hair,hare
hare,hair
holey,holy,wholly
holy,holey,wholly
wholly,holey,holy
hoop,whoop
whoop,hoop
knows,nose
nose,knows
lacks,lax
lax,lacks
ladder,latter
latter,ladder
lade,laid
laid,lade
lain,lane
lane,lain
lama,llama
llama,lama
Lapps,laps,lapse
laps,Lapps,lapse
lapse,Lapps,laps
lay,lei
lei,lay
lays,laze,leis
laze,lays,leis
leis,lays,laze
lea,lee
lee,lea
leach,leech
leech,leach
lead,led
led,lead
leak,leek
leek,leak
lean,lien
lien,lean
leased,least
least,leased
knap,nap
nap,knap
handmade,handmaid
handmaid,handmade
knave,nave
nave,knave
handsome,hansom
hansom,handsome
hostel,hostile
hostile,hostel
knead,kneed,need
kneed,knead,need
need,knead,kneed
hangar,hanger
hanger,hangar
hour,our
our,hour
knickers,nickers
nickers,knickers
lends,lens
lens,lends
humerus,humorous
humorous,humerus
lessen,lesson
lesson,lessen
lets,let’s
let’s,lets
mane,Maine,main
Maine,mane,main
main,mane,Maine
mil,mill
mill,mil
neigh,nay
nay,neigh
levee,levy
levy,levee
manner,manor
manor,manner
mince,mints
mints,mince
liar,lier,lyre
lier,liar,lyre
lyre,liar,lier
mantel,mantle
mantle,mantel
mind,mined
mined,mind
lichen,liken
liken,lichen
marc,mark
mark,marc
miner,minor
minor,miner
Nice,niece
niece,Nice
lie,lye
lye,lie
mare,mayor
mayor,mare
missal,missile
missile,missal
marry,merry,Mary
merry,marry,Mary
Mary,marry,merry
missed,mist
mist,missed
lieu,Lou
Lou,lieu
marshal,martial
martial,marshal
misses,Mrs.
Mrs.,misses
marten,martin
martin,marten
links,lynx
lynx,links
literal,littoral
littoral,literal
massed,mast
mast,massed
mite,might
might,mite
mat,matte
matte,mat
moan,mown
mown,moan
matter,madder
madder,matter
moat,mote
mote,moat
maul,mall
mall,maul
mode,mowed
mowed,mode
lo,low
low,lo
load,lode,lowed
lode,load,lowed
lowed,load,lode
loan,lone
lone,loan
loath,loathe
loathe,loath
loch,lock
lock,loch
lochs,locks,lox
locks,lochs,lox
lox,lochs,locks
mood,mooed
mooed,mood
may be,maybe
maybe,may be
moose,mousse
mousse,moose
morn,mourn
mourn,morn
maze,maize
maize,maze
morning,mourning
mourning,morning
loot,lute
lute,loot
lumbar,lumber
lumber,lumbar
mean,mien
mien,mean
meat,meet,mete
meet,meat,mete
mete,meat,meet
meatier,meteor
meteor,meatier
medal,metal,mettle,meddle,
metal,medal,mettle,meddle
mettle,medal,metal,meddle,
meddle,medal,metal,mettle,
made,maid
maid,made
,mettle,meddle,medal
mail,male
male,mail
mucous,mucus
mucus,mucous
mule,mewl
mewl,mule
muscle,mussel
mussel,muscle
muse,mews
mews,muse
mussed,must
must,mussed
mustard,mustered
mustered,mustard
none,nun
nun,none
oar,or,ore
or,oar,ore
ore,oar,or
ode,owed
owed,ode
oh,owe
owe,oh
one,won
won,one
outcast,outcaste
outcaste,outcast
overdo,overdue
overdue,overdo
overseas,oversees
oversees,overseas
paced,paste
paste,paced
packed,pact
pact,packed
padded,patted
patted,padded
naval,navel
navel,naval
paean,paeon,peon
paeon,paean,peon
peon,paean,paeon
pail,pale
pale,pail
pain,pane
pane,pain
pair,pare,pear
pare,pair,pear
pear,pair,pare
palate,palette,pallet
palette,palate,pallet
pallet,palate,palette
profit,prophet
prophet,profit
road,rode,rowed
rode,road,rowed
rowed,road,rode
pros,prose
prose,pros
roam,Rome
Rome,roam
pall,Paul
Paul,pall
pugh,pew
pew,pugh
pi,pie
pie,pi
purl,pearl
pearl,purl
roe,row
row,roe
picot,pekoe
pekoe,picot
purr,per
per,purr
role,roll
roll,role
pidgin,pigeon
pigeon,pidgin
purveyed,pervade
pervade,purveyed
parish,perish
perish,parish
room,rheum
rheum,room
parlay,parley
parley,parlay
quarts,quartz
quartz,quarts
passed,past
past,passed
patience,patients
patients,patience
quince,quints
quints,quince
roomer,rumor
rumor,roomer
root,route
route,root
rose,rows
rows,rose,rouse
rote,wrote
wrote,rote
rouse,rows
rabbet,rabbit
rabbit,rabbet
rough,ruff
ruff,rough
pause,paws
paws,pause
piece,peace
peace,piece
pea,pee
pee,pea
pier,peer
peer,pier
peak,peek,pique
peek,peak,pique
pique,peak,peek
Pilate,pilot
pilot,Pilate
peal,peel
peel,peal
rap,wrap
wrap,rap
pistil,pistol
pistol,pistil
rapped,rapt,wrapped
rapt,rapped,wrapped
wrapped,rapped,rapt
plain,plane
plane,plain
rapper,wrapper
wrapper,rapper
peas,pees
pees,peas
plait,plate
plate,plait
peat,Pete
Pete,peat
rays,raze,raise
raze,rays,raise
raise,rays,raze
pedal,peddle,petal
peddle,pedal,petal
petal,pedal,peddle
read,red,reed
red,read
pleas,please
please,pleas
reed,read
plum,plumb
plumb,plum
real,reel
reel,real
pole,poll
poll,pole
pore,pour
pour,pore
praise,prays,preys
prays,praise,preys
preys,praise,prays
reek,wreak
wreak,reek
pray,prey
prey,pray
penance,pennants
pennants,penance
reign,rein,rain
rein,reign,rain
rain,reign,rein
precedence,precedents
precedents,precedence
residence,residents
residents,residence
premier,premiere
premiere,premier
rest,wrest
wrest,rest
sac,sack
sack,sac
presence,presents
presents,presence
retch,wretch
wretch,retch
sachet,sashay
sashay,sachet
review,revue
revue,review
sacks,sax
sax,sacks
pride,pried
pried,pride
rigger,rigor
rigor,rigger
sail,sale
sale,sail
petrel,petrol
petrol,petrel
primer,primmer
primmer,primer
right,rite,write
rite,right,write
write,right,rite
sane,seine
seine,sane
prince,prints
prints,prince
sari,sorry
sorry,sari
principal,principle
principle,principal
ring,wring
wring,ring
saver,savor
savor,saver
side,sighed
sighed,side
staid,stayed
stayed,staid
team,teem
teem,team
scene,seen
seen,scene
stair,stare
stare,stair
tear,tier
tier,tear
stake,steak
steak,stake
teas,tease,tees
tease,teas,tees
tees,teas,tease
sighs,size
size,sighs
tee,tea
tea,tee
scull,skull
skull,scull
stationary,stationery
stationery,stationary
sea,see
see,sea
tends,tens
tens,tends
seam,seem
seem,seam
sink,sync
sync,sink
steal,steel
steel,steal
tense,tents
tents,tense
sear,seer,sere
seer,sear,sere
sere,sear,seer
Sioux,sue
sue,Sioux
step,steppe
steppe,step
tern,turn
turn,tern
seas,sees,seize
sees,seas,seize
seize,seas,sees
stile,style
style,stile
terry,tarry
tarry,terry
straight,strait
strait,straight
Thai,tie
tie,Thai
straightened,straitened
straitened,straightened
the,thee
thee,the
slay,sleigh
sleigh,slay
their,there,they’re
there,their,they’re
they’re,their,there
sleight,slight
slight,sleight
theirs,there’s
there’s,theirs
slew,slue,slough
slue,slew,slough
slough,slew,slue
suede,swayed
swayed,suede
suit,soot
soot,suit
sloe,slow
slow,sloe
so,sow,sew
sow,so,sew
sew,so,sow
soar,sore
sore,soar
soared,sword
sword,soared
sold,soled
soled,sold
sole,soul
soul,sole
serf,surf
surf,serf
serge,surge
surge,serge
some,sum
sum,some
son,sun
sun,son
suite,sweet
sweet,suite
summary,summery
summery,summary
sundae,Sunday
Sunday,sundae
threw,through
through,threw
throes,throws
throws,throes
throne,thrown
thrown,throne
thyme,time
time,thyme
tic,tick
tick,tic
tide,tied
tied,tide
tacked,tact
tact,tacked
tigress,Tigris
Tigris,tigress
tacks,tax
tax,tacks
timber,timbre
timbre,timber
shear,sheer
sheer,shear
tail,tale
tale,tail
to,too,two
too,to,two
two,to,too
taper,tapir
tapir,taper
toad,toed,towed
toed,toad,towed
towed,toad,toed
shoe,shoo
shoo,shoe
toe,tow
tow,toe
shone,shown
shown,shone
taught,taut
taut,taught
taupe,tope
tope,taupe
told,tolled
tolled,told
tool,tulle
tulle,tool
sic,sick
sick,sic
spade,spayed
spayed,spade
tooter,Tudor,tutor
Tudor,tooter,tutor
tutor,tooter,Tudor
vile,vial
vial,vile
which,witch
witch,which
woe,whoa
whoa,woe
tort,torte
torte,tort
vise,vice
vice,vise
while,wile
wile,while
wok,walk
walk,wok
tortuous,torturous
torturous,tortuous
whine,wine
wine,whine
tracked,tract
tract,tracked
trader,traitor
traitor,trader
troop,troupe
troupe,troop
trussed,trust
trust,trussed
tucks,tux
tux,tucks
turban,turbine
turbine,turban
whined,wind,wined
wind,whined,wined
wined,whined,wind
wade,weighed
weighed,wade
whir,were
were,whir
wader,waiter
waiter,wader
whirled,whorled,world
whorled,whirled,world
world,whirled,whorled
wail,whale,wale
whale,wail,wale
wale,wail,whale
wails,Wales,whales
Wales,wails,whales
whales,wails,Wales
wain,wane,Wayne
wane,wain,Wayne
Wayne,wain,wane
waist,waste
waste,waist
whirred,word
word,whirred
wait,weight
weight,wait
wee,we
we,wee
waive,wave
wave,waive
weed,we’d
we’d,weed
wont,want
want,wont
wood,would
would,wood
wore,war
war,wore
week,weak
weak,week
weigh,whey,way
whey,weigh,way
way,weigh,whey
weighs,ways
ways,weighs
udder,utter
utter,udder
ware,wear,where
wear,ware,where
where,ware,wear
we’ll,wheel
wheel,we’ll
undo,undue
undue,undo
wares,where’s,wears
where’s,wares,wears
wears,wares,where’s
warn,worn
worn,warn
wet,whet
whet,wet
wether,weather,whether
weather,wether,whether
whether,wether,weather
we’ve,weave
weave,we’ve
wax,whacks
whacks,wax
vain,vane,vein
vane,vain,vein
vein,vain,vane
valance,valence
valence,valance
wrung,rung
rung,wrung
vale,veil
veil,vale
wry,rye
rye,wry
vary,very
very,vary
yoke,yolk
yolk,yoke
who’s,whose
whose,who’s
yore,your,you’re
your,yore,you’re
you’re,yore,your
venous,Venus
Venus,venous
verses,versus
versus,verses
you’ll,Yule
Yule,you’ll
wrack,rack
rack,wrack
